,manufactory,year,selling_price,fuel,seller_type,mileage
24,Tata,2018,500000,Petrol,Individual,20.3 kmpl
29,Maruti,2018,254999,Petrol,Individual,16.8 kmpl
33,Hyundai,2018,730000,Petrol,Individual,18.6 kmpl
35,Maruti,2019,330000,CNG,Individual,33.44 km/kg
36,Maruti,2019,366000,Petrol,Individual,23.95 kmpl
37,Hyundai,2019,1149000,Petrol,Individual,17.0 kmpl
42,Honda,2018,925000,Petrol,Dealer,17.8 kmpl
44,Maruti,2018,675000,Petrol,Dealer,18.5 kmpl
45,Maruti,2018,819999,Diesel,Dealer,24.3 kmpl
46,Maruti,2018,390000,Petrol,Dealer,23.95 kmpl
53,Maruti,2018,850000,Petrol,Dealer,20.65 kmpl
66,Maruti,2019,650000,Petrol,Individual,21.4 kmpl
69,Maruti,2018,448000,Petrol,Individual,20.51 kmpl
72,Maruti,2019,1025000,Diesel,Individual,24.3 kmpl
102,Maruti,2019,615000,Petrol,Individual,21.21 kmpl
104,Maruti,2018,610000,Petrol,Individual,21.4 kmpl
106,Ford,2020,400000,Petrol,Individual,19.0 kmpl
110,Mahindra,2019,1700000,Diesel,Individual,15.1 kmpl
115,Maruti,2020,475000,Petrol,Individual,21.63 kmpl
130,Honda,2019,690000,Petrol,Dealer,17.8 kmpl
137,BMW,2018,3790000,Diesel,Dealer,22.48 kmpl
139,BMW,2019,5800000,Diesel,Dealer,16.78 kmpl
152,Tata,2018,811000,Petrol,Dealer,17.0 kmpl
164,Tata,2018,1025000,Diesel,Dealer,21.5 kmpl
172,Ford,2018,575000,Petrol,Individual,18.16 kmpl
196,Hyundai,2020,720000,Petrol,Individual,18.6 kmpl
198,Tata,2019,520000,Petrol,Individual,20.3 kmpl
207,Maruti,2018,420000,Petrol,Individual,20.51 kmpl
209,Maruti,2018,270000,Petrol,Individual,24.7 kmpl
210,Maruti,2018,700000,Petrol,Individual,22.0 kmpl
212,Tata,2019,1250000,Diesel,Individual,17.6 kmpl
214,Maruti,2018,700000,Diesel,Individual,28.4 kmpl
218,Maruti,2018,830000,Petrol,Individual,21.4 kmpl
224,Hyundai,2020,524000,Petrol,Individual,20.14 kmpl
227,Tata,2018,520000,Petrol,Individual,17.57 kmpl
230,Ford,2018,910000,Petrol,Individual,17.0 kmpl
246,Honda,2019,680000,Petrol,Individual,19.0 kmpl
258,Mahindra,2019,1300000,Diesel,Individual,17.3 kmpl
268,Hyundai,2019,610000,Petrol,Individual,18.6 kmpl
300,Maruti,2019,675000,Petrol,Individual,21.01 kmpl
309,Tata,2018,645000,Petrol,Individual,20.3 kmpl
320,Hyundai,2018,1210000,Diesel,Individual,21.38 kmpl
322,Hyundai,2018,520000,Diesel,Individual,24.0 kmpl
345,Mahindra,2019,1090000,Petrol,Dealer,17.0 kmpl
347,Maruti,2018,610000,Petrol,Dealer,22.0 kmpl
378,Maruti,2018,740000,Diesel,Dealer,27.39 kmpl
381,Maruti,2019,650000,Petrol,Trustmark Dealer,22.0 kmpl
383,Maruti,2018,600000,Petrol,Dealer,22.0 kmpl
385,BMW,2019,5400000,Diesel,Dealer,16.78 kmpl
386,BMW,2019,5500000,Diesel,Dealer,16.78 kmpl
387,Honda,2019,779000,Petrol,Trustmark Dealer,19.0 kmpl
400,Honda,2018,1085000,Petrol,Individual,18.0 kmpl
403,Maruti,2020,409999,CNG,Individual,20.88 km/kg
408,Tata,2018,325000,Petrol,Individual,23.84 kmpl
417,Maruti,2018,740000,Diesel,Dealer,27.39 kmpl
420,Maruti,2019,650000,Petrol,Trustmark Dealer,22.0 kmpl
422,Maruti,2018,600000,Petrol,Dealer,22.0 kmpl
424,BMW,2019,5400000,Diesel,Dealer,16.78 kmpl
425,BMW,2019,5500000,Diesel,Dealer,16.78 kmpl
426,Honda,2019,779000,Petrol,Trustmark Dealer,19.0 kmpl
429,Honda,2019,700000,Diesel,Individual,23.8 kmpl
452,Maruti,2019,675000,Petrol,Individual,21.21 kmpl
453,Tata,2018,1525000,Diesel,Individual,17.6 kmpl
454,Ford,2018,950000,Diesel,Individual,23.0 kmpl
457,Honda,2019,700000,Diesel,Individual,23.8 kmpl
488,Mahindra,2020,480000,Diesel,Individual,25.32 kmpl
490,Hyundai,2018,500000,Petrol,Individual,20.14 kmpl
499,Maruti,2019,700000,Diesel,Individual,28.4 kmpl
511,Maruti,2018,755000,Diesel,Individual,28.4 kmpl
531,Hyundai,2018,801000,Petrol,Individual,18.6 kmpl
553,Maruti,2018,750000,Diesel,Individual,24.3 kmpl
554,Hyundai,2018,570000,Petrol,Individual,18.6 kmpl
555,Hyundai,2018,580000,Petrol,Individual,18.9 kmpl
560,Ford,2018,550000,Petrol,Individual,18.16 kmpl
563,Ford,2018,700000,Petrol,Individual,19.0 kmpl
564,Hyundai,2019,466000,Petrol,Individual,20.3 kmpl
567,Hyundai,2018,500000,Petrol,Individual,18.9 kmpl
584,Maruti,2020,730000,Petrol,Individual,21.21 kmpl
603,Hyundai,2018,580000,Petrol,Individual,18.9 kmpl
615,Tata,2019,550000,Petrol,Individual,24.0 kmpl
625,Hyundai,2019,750000,Diesel,Individual,24.0 kmpl
634,Maruti,2019,360000,Petrol,Individual,23.95 kmpl
654,Maruti,2018,740000,Diesel,Dealer,27.39 kmpl
657,Maruti,2019,650000,Petrol,Trustmark Dealer,22.0 kmpl
659,Maruti,2018,600000,Petrol,Dealer,22.0 kmpl
661,BMW,2019,5400000,Diesel,Dealer,16.78 kmpl
662,BMW,2019,5500000,Diesel,Dealer,16.78 kmpl
663,Honda,2019,779000,Petrol,Trustmark Dealer,19.0 kmpl
673,Maruti,2018,950000,Diesel,Individual,25.1 kmpl
677,Mahindra,2018,535000,Petrol,Individual,18.15 kmpl
678,Maruti,2018,455000,Petrol,Individual,19.0 kmpl
679,Maruti,2019,655000,Petrol,Individual,21.21 kmpl
680,Ford,2019,800000,Diesel,Individual,23.0 kmpl
684,Mahindra,2018,340000,Petrol,Individual,18.15 kmpl
714,Hyundai,2019,600000,Petrol,Individual,18.6 kmpl
715,Mahindra,2019,875000,Diesel,Individual,18.49 kmpl
732,Hyundai,2018,500000,Petrol,Individual,20.14 kmpl
733,Ford,2019,700000,Petrol,Individual,19.0 kmpl
738,Hyundai,2018,531000,Petrol,Individual,18.9 kmpl
747,Hyundai,2018,450000,Petrol,Individual,18.9 kmpl
750,Maruti,2020,390000,Petrol,Individual,23.95 kmpl
764,Hyundai,2019,600000,Petrol,Individual,18.9 kmpl
781,Ford,2019,681000,Petrol,Individual,19.0 kmpl
791,Ford,2019,720000,Petrol,Individual,19.0 kmpl
807,Tata,2019,550000,Petrol,Individual,20.3 kmpl
810,Honda,2019,800000,Diesel,Individual,27.4 kmpl
845,Hyundai,2019,550000,Petrol,Individual,18.9 kmpl
860,Maruti,2018,220000,Petrol,Individual,16.8 kmpl
901,Hyundai,2019,750000,Petrol,Individual,18.6 kmpl
909,Hyundai,2018,580000,Petrol,Individual,18.9 kmpl
915,Hyundai,2018,710000,Diesel,Individual,24.0 kmpl
921,Maruti,2020,370000,Petrol,Individual,22.05 kmpl
923,Maruti,2019,1040000,Petrol,Individual,19.01 kmpl
924,Hyundai,2018,750000,Diesel,Individual,21.19 kmpl
925,Mahindra,2018,600000,Diesel,Individual,18.49 kmpl
930,Hyundai,2019,450000,Petrol,Individual,20.3 kmpl
945,Hyundai,2019,1000000,Diesel,Individual,22.1 kmpl
953,Maruti,2019,675000,Petrol,Individual,21.21 kmpl
966,Maruti,2019,675000,Petrol,Individual,21.4 kmpl
988,Maruti,2018,811000,Diesel,Individual,28.4 kmpl
989,Hyundai,2018,1100000,Petrol,Individual,17.0 kmpl
1003,Maruti,2018,950000,Diesel,Individual,25.1 kmpl
1007,Tata,2019,900000,Diesel,Dealer,24.7 kmpl
1018,Hyundai,2019,1100000,Petrol,Individual,17.0 kmpl
1021,Tata,2018,950000,Diesel,Individual,21.5 kmpl
1036,Maruti,2019,757000,Diesel,Individual,28.4 kmpl
1043,Mahindra,2018,650000,Petrol,Individual,18.15 kmpl
1047,Maruti,2019,600000,Petrol,Individual,21.21 kmpl
1054,Ford,2018,793000,Diesel,Individual,25.83 kmpl
1059,Maruti,2018,795000,Petrol,Dealer,21.21 kmpl
1071,Maruti,2018,750000,Petrol,Dealer,22.0 kmpl
1072,BMW,2018,6000000,Diesel,Dealer,17.09 kmpl
1077,Hyundai,2018,890000,Petrol,Dealer,17.4 kmpl
1085,Maruti,2018,740000,Diesel,Dealer,27.39 kmpl
1088,Maruti,2019,650000,Petrol,Trustmark Dealer,22.0 kmpl
1090,Maruti,2018,600000,Petrol,Dealer,22.0 kmpl
1092,BMW,2019,5400000,Diesel,Dealer,16.78 kmpl
1093,BMW,2019,5500000,Diesel,Dealer,16.78 kmpl
1094,Honda,2019,779000,Petrol,Trustmark Dealer,19.0 kmpl
1104,Maruti,2018,740000,Diesel,Dealer,27.39 kmpl
1107,Maruti,2019,650000,Petrol,Trustmark Dealer,22.0 kmpl
1109,Maruti,2018,600000,Petrol,Dealer,22.0 kmpl
1111,BMW,2019,5400000,Diesel,Dealer,16.78 kmpl
1112,BMW,2019,5500000,Diesel,Dealer,16.78 kmpl
1113,Honda,2019,779000,Petrol,Trustmark Dealer,19.0 kmpl
1123,Maruti,2018,740000,Diesel,Dealer,27.39 kmpl
1126,Maruti,2019,650000,Petrol,Trustmark Dealer,22.0 kmpl
1128,Maruti,2018,600000,Petrol,Dealer,22.0 kmpl
1130,BMW,2019,5400000,Diesel,Dealer,16.78 kmpl
1131,BMW,2019,5500000,Diesel,Dealer,16.78 kmpl
1132,Honda,2019,779000,Petrol,Trustmark Dealer,19.0 kmpl
1142,Maruti,2018,740000,Diesel,Dealer,27.39 kmpl
1145,Maruti,2019,650000,Petrol,Trustmark Dealer,22.0 kmpl
1147,Maruti,2018,600000,Petrol,Dealer,22.0 kmpl
1149,BMW,2019,5400000,Diesel,Dealer,16.78 kmpl
1150,BMW,2019,5500000,Diesel,Dealer,16.78 kmpl
1151,Honda,2019,779000,Petrol,Trustmark Dealer,19.0 kmpl
1156,Hyundai,2018,550000,Diesel,Individual,24.0 kmpl
1160,Hyundai,2019,700000,Diesel,Individual,25.4 kmpl
1167,Maruti,2018,770000,Diesel,Individual,24.3 kmpl
1172,Hyundai,2018,650000,Petrol,Individual,18.6 kmpl
1199,Hyundai,2018,530000,Diesel,Individual,25.4 kmpl
1203,Tata,2018,560000,Petrol,Individual,23.84 kmpl
1226,Maruti,2019,450000,CNG,Individual,21.94 km/kg
1234,Maruti,2018,1000000,Diesel,Individual,28.09 kmpl
1241,Hyundai,2019,720000,Petrol,Individual,17.4 kmpl
1243,Hyundai,2019,570000,Petrol,Individual,20.14 kmpl
1251,Maruti,2018,833000,Diesel,Individual,24.3 kmpl
1271,Maruti,2019,480000,Petrol,Individual,20.52 kmpl
1273,Hyundai,2018,700000,Petrol,Individual,18.6 kmpl
1281,Maruti,2018,1030000,Diesel,Individual,25.1 kmpl
1284,Hyundai,2018,800000,Diesel,Individual,21.19 kmpl
1301,Maruti,2019,610000,Petrol,Individual,21.21 kmpl
1313,Ford,2018,950000,Diesel,Individual,23.0 kmpl
1320,Hyundai,2019,700000,Diesel,Individual,24.0 kmpl
1327,Maruti,2019,585000,Petrol,Individual,21.21 kmpl
1328,Mahindra,2018,500000,Diesel,Individual,23.5 kmpl
1329,Maruti,2019,360000,Petrol,Individual,23.95 kmpl
1335,Mahindra,2018,1200000,Diesel,Individual,17.3 kmpl
1346,Hyundai,2018,570000,Diesel,Individual,25.4 kmpl
1351,Maruti,2019,450000,CNG,Individual,21.94 km/kg
1366,Honda,2018,680000,Petrol,Dealer,18.7 kmpl
1373,Tata,2019,490000,Petrol,Dealer,23.84 kmpl
1374,Mahindra,2018,775000,Diesel,Dealer,18.49 kmpl
1386,Hyundai,2019,434999,Petrol,Dealer,20.3 kmpl
1401,Mahindra,2018,660000,Diesel,Dealer,21.0 kmpl
1432,Hyundai,2019,850000,Diesel,Individual,22.54 kmpl
1445,Maruti,2018,480000,Petrol,Dealer,20.89 kmpl
1447,Maruti,2018,770000,Diesel,Individual,24.3 kmpl
1449,Hyundai,2018,700000,Petrol,Individual,18.6 kmpl
1462,Mahindra,2020,830000,Diesel,Individual,15.1 kmpl
1481,Tata,2019,550000,Petrol,Individual,23.84 kmpl
1487,Hyundai,2018,850000,Diesel,Individual,22.54 kmpl
1504,Maruti,2018,650000,Diesel,Individual,28.4 kmpl
1505,Maruti,2018,400000,Petrol,Individual,20.51 kmpl
1517,Maruti,2018,625000,Petrol,Individual,21.4 kmpl
1531,Ford,2018,3250000,Diesel,Individual,10.91 kmpl
1532,Honda,2019,700000,Petrol,Individual,19.5 kmpl
1546,Maruti,2019,700000,Petrol,Individual,22.0 kmpl
1550,Tata,2019,525000,Petrol,Individual,23.84 kmpl
1552,Maruti,2020,630000,Petrol,Individual,21.01 kmpl
1560,Tata,2018,740000,Petrol,Individual,17.0 kmpl
1561,Honda,2019,690000,Petrol,Dealer,17.8 kmpl
1568,Hyundai,2019,550000,Petrol,Trustmark Dealer,20.7 kmpl
1575,Maruti,2018,925000,Diesel,Trustmark Dealer,28.09 kmpl
1582,Hyundai,2018,590000,Petrol,Individual,18.9 kmpl
1585,Maruti,2018,575000,Petrol,Individual,21.4 kmpl
1587,Tata,2018,1575000,Diesel,Individual,17.6 kmpl
1591,Tata,2018,1575000,Diesel,Individual,17.6 kmpl
1594,Mahindra,2018,1200000,Diesel,Individual,17.3 kmpl
1598,Tata,2018,700000,Diesel,Individual,21.5 kmpl
1610,Ford,2018,700000,Petrol,Individual,19.0 kmpl
1611,Maruti,2018,900000,Petrol,Individual,19.34 kmpl
1621,Hyundai,2018,480000,Petrol,Individual,20.14 kmpl
1637,Mahindra,2018,1465000,Diesel,Individual,16.36 kmpl
1642,Maruti,2018,560000,Petrol,Individual,21.4 kmpl
1653,Hyundai,2020,675000,Petrol,Individual,20.7 kmpl
1665,Tata,2018,450000,Petrol,Individual,23.84 kmpl
1690,Mahindra,2019,1460000,Diesel,Individual,17.3 kmpl
1697,Maruti,2019,525000,Petrol,Individual,20.89 kmpl
1699,Maruti,2019,500000,Petrol,Individual,21.21 kmpl
1717,Maruti,2018,740000,Diesel,Dealer,27.39 kmpl
1720,Maruti,2019,650000,Petrol,Trustmark Dealer,22.0 kmpl
1722,Maruti,2018,600000,Petrol,Dealer,22.0 kmpl
1724,BMW,2019,5400000,Diesel,Dealer,16.78 kmpl
1725,BMW,2019,5500000,Diesel,Dealer,16.78 kmpl
1726,Honda,2019,779000,Petrol,Trustmark Dealer,19.0 kmpl
1737,Hyundai,2019,800000,Petrol,Individual,17.19 kmpl
1738,Tata,2018,1250000,Diesel,Individual,17.6 kmpl
1741,Tata,2019,650000,Diesel,Individual,22.95 kmpl
1762,Hyundai,2019,525000,Petrol,Individual,20.14 kmpl
1767,Hyundai,2019,590000,Petrol,Individual,20.14 kmpl
1769,Ford,2019,800000,Petrol,Dealer,19.4 kmpl
1793,Maruti,2018,550000,Petrol,Individual,22.0 kmpl
1806,Hyundai,2019,650000,Petrol,Individual,18.6 kmpl
1831,Ford,2018,3250000,Diesel,Individual,10.91 kmpl
1833,Honda,2019,700000,Petrol,Individual,19.5 kmpl
1836,Mahindra,2018,1400000,Diesel,Individual,16.0 kmpl
1843,Maruti,2018,260000,Petrol,Individual,16.8 kmpl
1844,Hyundai,2018,1050000,Diesel,Individual,21.38 kmpl
1847,Hyundai,2018,700000,Petrol,Individual,18.6 kmpl
1852,Maruti,2019,409999,Petrol,Individual,15.37 kmpl
1857,Honda,2019,690000,Petrol,Dealer,17.8 kmpl
1865,Maruti,2018,925000,Diesel,Trustmark Dealer,28.09 kmpl
1867,Maruti,2018,430000,Petrol,Trustmark Dealer,20.51 kmpl
1872,BMW,2019,5400000,Diesel,Dealer,16.78 kmpl
1873,BMW,2019,5500000,Diesel,Dealer,16.78 kmpl
1874,Honda,2019,779000,Petrol,Trustmark Dealer,19.0 kmpl
1875,Ford,2018,640000,Petrol,Dealer,15.9 kmpl
1882,Maruti,2018,1000000,Diesel,Individual,28.09 kmpl
1913,Mahindra,2019,800000,Diesel,Individual,15.96 kmpl
1947,Hyundai,2018,444000,Petrol,Individual,21.1 kmpl
1960,Maruti,2018,650000,Diesel,Individual,28.4 kmpl
1977,Maruti,2018,475000,Petrol,Individual,21.63 kmpl
1979,Honda,2020,2125000,Diesel,Dealer,26.8 kmpl
1980,BMW,2018,3350000,Diesel,Dealer,19.62 kmpl
1982,Hyundai,2018,540000,Petrol,Dealer,20.3 kmpl
1984,Maruti,2019,484999,Petrol,Dealer,21.63 kmpl
1985,Hyundai,2020,1950000,Diesel,Dealer,17.01 kmpl
1986,Maruti,2018,950000,Diesel,Dealer,24.3 kmpl
1988,Mahindra,2018,900000,Diesel,Dealer,16.55 kmpl
1992,Mahindra,2019,1075000,Diesel,Dealer,17.3 kmpl
2004,Maruti,2019,395000,Petrol,Individual,15.37 kmpl
2015,Ford,2018,950000,Diesel,Dealer,22.77 kmpl
2021,Honda,2018,850000,Petrol,Individual,17.5 kmpl
2032,Maruti,2018,850000,Diesel,Individual,24.2 kmpl
2033,Tata,2018,250000,Diesel,Individual,25.0 kmpl
2034,Maruti,2020,420000,Petrol,Individual,21.63 kmpl
2043,Hyundai,2019,585000,Petrol,Individual,18.9 kmpl
2053,Maruti,2019,750000,Diesel,Individual,28.4 kmpl
2086,Maruti,2019,500000,Petrol,Individual,20.89 kmpl
2107,Mahindra,2018,1530000,Diesel,Individual,16.0 kmpl
2112,Hyundai,2018,700000,Diesel,Individual,24.0 kmpl
2129,Maruti,2018,650000,Petrol,Individual,21.56 kmpl
2131,Hyundai,2018,700000,Petrol,Individual,18.6 kmpl
2133,Mahindra,2018,900000,Diesel,Individual,15.4 kmpl
2139,Honda,2018,600000,Petrol,Individual,19.5 kmpl
2157,Hyundai,2018,610000,Petrol,Individual,18.6 kmpl
2160,Maruti,2019,500000,Petrol,Individual,21.63 kmpl
2165,Maruti,2018,509999,Petrol,Individual,22.0 kmpl
2192,Hyundai,2018,950000,Petrol,Individual,17.0 kmpl
2204,Tata,2018,500000,Diesel,Individual,24.7 kmpl
2206,Hyundai,2018,325000,Petrol,Individual,21.1 kmpl
2207,Maruti,2018,550000,Petrol,Individual,21.4 kmpl
2208,Maruti,2018,720000,Petrol,Individual,20.73 kmpl
2211,Hyundai,2018,500000,Petrol,Individual,18.9 kmpl
2217,Tata,2018,790000,Diesel,Individual,21.5 kmpl
2221,Mahindra,2019,950000,Diesel,Individual,20.0 kmpl
2223,Hyundai,2018,700000,Petrol,Individual,18.6 kmpl
2227,Maruti,2020,580000,Petrol,Individual,23.26 kmpl
2230,Hyundai,2018,1350000,Petrol,Individual,14.8 kmpl
2249,Maruti,2018,550000,Petrol,Individual,22.0 kmpl
2284,Tata,2018,575000,Petrol,Individual,17.0 kmpl
2293,Mahindra,2018,750000,Diesel,Individual,16.5 kmpl
2296,Maruti,2019,577000,Petrol,Individual,20.89 kmpl
2299,Honda,2019,840000,Petrol,Individual,18.2 kmpl
2310,Maruti,2019,490000,Petrol,Individual,20.52 kmpl
2325,Maruti,2018,700000,Petrol,Individual,19.34 kmpl
2326,Maruti,2020,250000,Petrol,Individual,21.63 kmpl
2339,Hyundai,2018,946000,Diesel,Individual,22.1 kmpl
2352,Tata,2019,459999,Petrol,Individual,23.84 kmpl
2354,Maruti,2018,680000,Diesel,Individual,28.4 kmpl
2356,Maruti,2018,720000,Petrol,Individual,22.0 kmpl
2360,Ford,2019,725000,Diesel,Individual,24.4 kmpl
2369,Maruti,2019,610000,Petrol,Individual,21.21 kmpl
2371,Ford,2018,925000,Diesel,Dealer,22.77 kmpl
2378,Ford,2018,650000,Diesel,Dealer,23.8 kmpl
2390,Maruti,2018,955000,Diesel,Individual,24.52 kmpl
2398,Mahindra,2018,1325000,Diesel,Individual,16.36 kmpl
2402,Ford,2018,530000,Diesel,Individual,26.1 kmpl
2415,Tata,2019,660000,Diesel,Individual,22.95 kmpl
2418,Hyundai,2018,740000,Petrol,Individual,18.6 kmpl
2428,Tata,2018,490000,Petrol,Individual,23.84 kmpl
2430,Tata,2018,390000,Petrol,Individual,23.84 kmpl
2438,Maruti,2019,630000,Petrol,Individual,21.21 kmpl
2444,Tata,2020,950000,Petrol,Individual,17.0 kmpl
2451,Tata,2019,1250000,Diesel,Individual,14.1 kmpl
2483,Hyundai,2018,555000,Petrol,Individual,18.6 kmpl
2503,Hyundai,2018,600000,Petrol,Individual,18.6 kmpl
2509,Maruti,2019,399000,Petrol,Individual,23.95 kmpl
2514,Maruti,2018,390000,CNG,Individual,26.6 km/kg
2526,Maruti,2019,362000,CNG,Individual,21.94 km/kg
2528,Maruti,2018,459999,CNG,Individual,26.6 km/kg
2530,Hyundai,2019,499000,Petrol,Individual,20.3 kmpl
2531,Maruti,2018,358000,Petrol,Individual,15.37 kmpl
2535,Honda,2019,1300000,Petrol,Individual,17.4 kmpl
2536,Honda,2018,825000,Diesel,Individual,25.8 kmpl
2539,Hyundai,2018,490000,Petrol,Individual,20.3 kmpl
2540,Mahindra,2018,1050000,Diesel,Individual,16.0 kmpl
2571,Mahindra,2019,740000,Diesel,Individual,16.5 kmpl
2575,Maruti,2018,650000,Petrol,Individual,22.0 kmpl
2577,Maruti,2019,380000,Petrol,Individual,23.95 kmpl
2579,Hyundai,2019,1270000,Petrol,Individual,17.0 kmpl
2602,Honda,2018,1031000,Diesel,Individual,25.6 kmpl
2603,Hyundai,2018,330000,Petrol,Individual,20.3 kmpl
2604,Hyundai,2019,399000,Petrol,Individual,20.3 kmpl
2620,Mahindra,2019,1575000,Diesel,Individual,15.1 kmpl
2625,Maruti,2018,550000,Petrol,Individual,21.4 kmpl
2638,Maruti,2018,740000,Diesel,Dealer,27.39 kmpl
2641,Maruti,2019,650000,Petrol,Trustmark Dealer,22.0 kmpl
2643,Maruti,2018,600000,Petrol,Dealer,22.0 kmpl
2645,BMW,2019,5400000,Diesel,Dealer,16.78 kmpl
2646,BMW,2019,5500000,Diesel,Dealer,16.78 kmpl
2647,Honda,2019,779000,Petrol,Trustmark Dealer,19.0 kmpl
2653,Maruti,2018,500000,Petrol,Individual,22.0 kmpl
2656,Hyundai,2020,330000,Petrol,Individual,18.9 kmpl
2671,Maruti,2018,740000,Diesel,Dealer,27.39 kmpl
2674,Maruti,2019,650000,Petrol,Trustmark Dealer,22.0 kmpl
2676,Maruti,2018,600000,Petrol,Dealer,22.0 kmpl
2678,BMW,2019,5400000,Diesel,Dealer,16.78 kmpl
2679,BMW,2019,5500000,Diesel,Dealer,16.78 kmpl
2680,Honda,2019,779000,Petrol,Trustmark Dealer,19.0 kmpl
2689,Hyundai,2019,1050000,Diesel,Individual,21.38 kmpl
2691,Maruti,2020,415000,Petrol,Individual,15.37 kmpl
2693,Maruti,2018,680000,Diesel,Individual,28.4 kmpl
2698,Maruti,2018,764000,Petrol,Individual,20.73 kmpl
2699,Mahindra,2019,710000,Diesel,Individual,15.96 kmpl
2718,Maruti,2019,760000,Petrol,Individual,21.01 kmpl
2721,Maruti,2018,700000,Petrol,Individual,21.4 kmpl
2750,Maruti,2020,550000,Petrol,Individual,23.26 kmpl
2752,Honda,2018,670000,Diesel,Individual,27.4 kmpl
2756,Maruti,2019,860000,Diesel,Individual,24.3 kmpl
2757,Maruti,2018,600000,Diesel,Individual,27.39 kmpl
2760,Maruti,2019,900000,Diesel,Individual,25.1 kmpl
2768,Maruti,2018,450000,CNG,Individual,26.6 km/kg
2798,Hyundai,2018,520000,Petrol,Individual,18.9 kmpl
2811,Maruti,2018,200000,Petrol,Individual,16.8 kmpl
2813,Honda,2018,560000,Diesel,Individual,25.8 kmpl
2814,Maruti,2018,575000,Petrol,Individual,20.89 kmpl
2825,Maruti,2018,875000,Diesel,Dealer,24.3 kmpl
2828,BMW,2018,2850000,Diesel,Dealer,17.05 kmpl
2830,BMW,2018,3900000,Diesel,Dealer,22.48 kmpl
2837,Maruti,2019,470000,Petrol,Dealer,21.63 kmpl
2857,Hyundai,2018,500000,Petrol,Individual,18.9 kmpl
2864,Maruti,2018,308000,Petrol,Individual,24.7 kmpl
2865,Hyundai,2019,570000,Petrol,Individual,18.9 kmpl
2869,Maruti,2018,680000,Petrol,Individual,21.21 kmpl
2885,Hyundai,2018,650000,Diesel,Individual,24.0 kmpl
2894,Tata,2018,450000,Petrol,Individual,20.3 kmpl
2897,Hyundai,2019,960000,Diesel,Individual,24.0 kmpl
2910,Maruti,2018,750000,Diesel,Individual,24.3 kmpl
2911,Hyundai,2018,570000,Petrol,Individual,18.6 kmpl
2919,Mahindra,2018,1700000,Diesel,Individual,15.1 kmpl
2922,Ford,2018,640000,Diesel,Individual,25.83 kmpl
2925,Maruti,2018,580000,Diesel,Individual,23.4 kmpl
2927,Maruti,2019,660000,Petrol,Individual,21.4 kmpl
2931,Maruti,2019,509999,Petrol,Individual,21.21 kmpl
2935,Maruti,2018,375000,Petrol,Individual,23.95 kmpl
2936,Hyundai,2019,950000,Diesel,Individual,22.1 kmpl
2939,BMW,2020,7200000,Diesel,Individual,13.38 kmpl
2941,Maruti,2019,930000,Diesel,Individual,25.1 kmpl
2947,Tata,2018,409999,Petrol,Individual,23.84 kmpl
2948,Maruti,2019,980000,Diesel,Individual,24.3 kmpl
2950,Honda,2019,750000,Petrol,Individual,18.2 kmpl
2958,Hyundai,2018,580000,Petrol,Individual,18.9 kmpl
2964,Maruti,2020,654000,Petrol,Individual,21.21 kmpl
2967,Maruti,2019,600000,Petrol,Individual,21.21 kmpl
2971,Mahindra,2018,1200000,Diesel,Individual,15.1 kmpl
2988,Maruti,2019,550000,Petrol,Individual,21.21 kmpl
2991,Tata,2019,409999,Petrol,Individual,23.84 kmpl
2992,Tata,2018,438999,Petrol,Individual,23.84 kmpl
3015,Hyundai,2019,550000,Petrol,Individual,18.9 kmpl
3016,Hyundai,2019,420000,Petrol,Individual,20.3 kmpl
3024,Maruti,2018,700000,Diesel,Individual,28.4 kmpl
3037,Maruti,2018,740000,Diesel,Individual,28.4 kmpl
3053,Maruti,2018,911999,Diesel,Individual,24.3 kmpl
3054,Maruti,2018,650000,Petrol,Individual,21.21 kmpl
3057,Hyundai,2019,1200000,Diesel,Individual,22.0 kmpl
3071,Hyundai,2019,693000,Petrol,Individual,18.6 kmpl
3077,Maruti,2018,560000,Petrol,Individual,22.0 kmpl
3086,Maruti,2018,740000,Diesel,Dealer,27.39 kmpl
3089,Maruti,2019,650000,Petrol,Trustmark Dealer,22.0 kmpl
3091,Maruti,2018,600000,Petrol,Dealer,22.0 kmpl
3093,BMW,2019,5400000,Diesel,Dealer,16.78 kmpl
3094,BMW,2019,5500000,Diesel,Dealer,16.78 kmpl
3095,Honda,2019,779000,Petrol,Trustmark Dealer,19.0 kmpl
3101,Maruti,2018,740000,Diesel,Dealer,27.39 kmpl
3102,Maruti,2019,650000,Petrol,Trustmark Dealer,22.0 kmpl
3104,Maruti,2018,600000,Petrol,Dealer,22.0 kmpl
3113,Hyundai,2019,1150000,Petrol,Dealer,15.8 kmpl
3114,Hyundai,2018,650000,Petrol,Trustmark Dealer,18.6 kmpl
3116,Maruti,2018,698000,Diesel,Dealer,28.4 kmpl
3118,Maruti,2018,445000,Petrol,Dealer,20.52 kmpl
3119,Tata,2018,539000,Diesel,Individual,22.95 kmpl
3176,Maruti,2018,611000,Petrol,Dealer,19.1 kmpl
3180,Maruti,2018,490000,Petrol,Dealer,16.1 kmpl
3181,Tata,2020,500000,Petrol,Individual,17.57 kmpl
3182,Tata,2020,500000,Petrol,Individual,17.57 kmpl
3184,Ford,2019,675000,Petrol,Individual,19.4 kmpl
3185,Mahindra,2018,1350000,Diesel,Individual,16.0 kmpl
3186,Hyundai,2018,570000,Petrol,Individual,18.9 kmpl
3207,Hyundai,2019,630000,Petrol,Individual,18.6 kmpl
3216,Hyundai,2018,540000,Diesel,Individual,24.0 kmpl
3218,Hyundai,2018,1150000,Diesel,Individual,17.01 kmpl
3219,Maruti,2020,350000,Petrol,Individual,22.05 kmpl
3220,Hyundai,2019,690000,Petrol,Individual,18.6 kmpl
3224,Maruti,2019,650000,Petrol,Individual,21.21 kmpl
3226,Hyundai,2020,360000,Petrol,Individual,20.14 kmpl
3235,Maruti,2019,740000,Diesel,Individual,28.4 kmpl
3236,Honda,2019,690000,Petrol,Dealer,17.8 kmpl
3242,BMW,2018,3790000,Diesel,Dealer,22.48 kmpl
3267,Hyundai,2018,780000,Diesel,Individual,22.54 kmpl
3280,Maruti,2019,750000,Petrol,Individual,11.96 kmpl
3285,Hyundai,2019,640000,Petrol,Individual,18.9 kmpl
3296,Mahindra,2019,1225000,Diesel,Individual,20.0 kmpl
3299,Mahindra,2018,1100000,Diesel,Individual,15.1 kmpl
3306,Maruti,2019,685000,Petrol,Individual,21.4 kmpl
3307,Maruti,2020,399000,CNG,Individual,21.94 km/kg
3336,Tata,2018,450000,Petrol,Individual,20.3 kmpl
3340,Tata,2018,790000,Petrol,Individual,17.0 kmpl
3351,Hyundai,2018,1000000,Diesel,Individual,22.0 kmpl
3356,Hyundai,2019,625000,Petrol,Dealer,18.9 kmpl
3358,Mahindra,2018,1475000,Diesel,Dealer,15.1 kmpl
3384,Maruti,2018,550000,Petrol,Individual,22.0 kmpl
3387,Maruti,2018,630000,Petrol,Individual,21.21 kmpl
3393,Tata,2019,1630000,Diesel,Individual,17.0 kmpl
3400,Maruti,2018,260000,Petrol,Individual,16.8 kmpl
3416,Maruti,2018,740000,Diesel,Dealer,27.39 kmpl
3419,Maruti,2019,650000,Petrol,Trustmark Dealer,22.0 kmpl
3421,Maruti,2018,600000,Petrol,Dealer,22.0 kmpl
3423,BMW,2019,5400000,Diesel,Dealer,16.78 kmpl
3424,BMW,2019,5500000,Diesel,Dealer,16.78 kmpl
3425,Honda,2019,779000,Petrol,Trustmark Dealer,19.0 kmpl
3433,Tata,2018,775000,Diesel,Individual,22.95 kmpl
3439,Honda,2019,580000,Petrol,Individual,17.5 kmpl
3445,Honda,2018,1035000,Diesel,Individual,25.5 kmpl
3464,Ford,2018,900000,Diesel,Individual,23.0 kmpl
3475,Maruti,2018,875000,Diesel,Individual,25.47 kmpl
3492,Maruti,2018,310000,Petrol,Individual,24.7 kmpl
3498,Mahindra,2018,1000000,Diesel,Individual,15.4 kmpl
3503,Hyundai,2019,625000,Petrol,Individual,18.6 kmpl
3506,Maruti,2018,700000,Diesel,Individual,28.4 kmpl
3524,Maruti,2018,740000,Diesel,Dealer,27.39 kmpl
3527,Maruti,2019,650000,Petrol,Trustmark Dealer,22.0 kmpl
3529,Maruti,2018,600000,Petrol,Dealer,22.0 kmpl
3531,BMW,2019,5400000,Diesel,Dealer,16.78 kmpl
3532,BMW,2019,5500000,Diesel,Dealer,16.78 kmpl
3533,Honda,2019,779000,Petrol,Trustmark Dealer,19.0 kmpl
3538,Mahindra,2018,850000,Diesel,Individual,16.55 kmpl
3539,Maruti,2018,620000,Petrol,Individual,20.89 kmpl
3540,Maruti,2018,700000,Petrol,Individual,21.4 kmpl
3557,Hyundai,2018,1200000,Petrol,Individual,15.8 kmpl
3558,Maruti,2018,740000,Petrol,Individual,21.4 kmpl
3560,Maruti,2019,570000,Petrol,Individual,20.89 kmpl
3561,Maruti,2019,490000,Petrol,Individual,20.52 kmpl
3565,Mahindra,2018,850000,Diesel,Individual,16.55 kmpl
3566,Maruti,2018,620000,Petrol,Individual,20.89 kmpl
3569,Maruti,2018,700000,Petrol,Individual,21.4 kmpl
3586,Ford,2019,675000,Petrol,Dealer,18.16 kmpl
3587,Ford,2018,700000,Diesel,Dealer,23.8 kmpl
3588,Ford,2018,795000,Diesel,Dealer,23.8 kmpl
3590,Mahindra,2018,450000,Petrol,Individual,18.15 kmpl
3599,Maruti,2018,750000,Diesel,Individual,25.1 kmpl
3602,Hyundai,2019,650000,Petrol,Individual,17.19 kmpl
3603,Maruti,2018,1050000,Diesel,Individual,25.47 kmpl
3606,Mahindra,2019,1550000,Diesel,Individual,15.1 kmpl
3612,Mahindra,2019,1650000,Diesel,Individual,15.1 kmpl
3616,Maruti,2018,310000,Petrol,Individual,24.7 kmpl
3617,Tata,2018,595000,Petrol,Individual,17.0 kmpl
3621,Maruti,2019,420000,Petrol,Individual,15.37 kmpl
3630,Tata,2018,550000,Petrol,Individual,20.3 kmpl
3631,Maruti,2019,630000,Diesel,Individual,28.4 kmpl
3632,Mahindra,2018,850000,Diesel,Individual,18.49 kmpl
3639,Maruti,2019,550000,Petrol,Individual,21.21 kmpl
3654,Tata,2018,350000,Petrol,Individual,23.84 kmpl
3672,Maruti,2020,250999,Petrol,Individual,22.05 kmpl
3681,Maruti,2018,630000,Diesel,Individual,28.4 kmpl
3683,Mahindra,2018,400000,Diesel,Individual,23.5 kmpl
3685,Maruti,2018,764000,Petrol,Individual,20.73 kmpl
3686,Mahindra,2019,710000,Diesel,Individual,15.96 kmpl
3687,Tata,2018,1575000,Diesel,Individual,17.6 kmpl
3689,Maruti,2019,1000000,Petrol,Individual,19.01 kmpl
3724,Honda,2018,635000,Petrol,Individual,17.8 kmpl
3726,Mahindra,2020,1500000,Diesel,Individual,16.36 kmpl
3728,Hyundai,2019,700000,Diesel,Individual,22.54 kmpl
3735,Hyundai,2019,550000,Petrol,Individual,18.9 kmpl
3750,Mahindra,2018,1500000,Diesel,Individual,16.36 kmpl
3766,Hyundai,2018,825000,Diesel,Dealer,22.54 kmpl
3777,Ford,2018,550000,Petrol,Individual,18.16 kmpl
3807,Hyundai,2019,567000,Petrol,Individual,18.9 kmpl
3839,Maruti,2018,740000,Diesel,Dealer,27.39 kmpl
3842,Maruti,2019,650000,Petrol,Trustmark Dealer,22.0 kmpl
3844,Maruti,2018,600000,Petrol,Dealer,22.0 kmpl
3846,BMW,2019,5400000,Diesel,Dealer,16.78 kmpl
3847,BMW,2019,5500000,Diesel,Dealer,16.78 kmpl
3848,Honda,2019,779000,Petrol,Trustmark Dealer,19.0 kmpl
3867,Maruti,2019,860000,Diesel,Individual,24.3 kmpl
3876,Mahindra,2018,530000,Diesel,Individual,15.96 kmpl
3886,Hyundai,2018,380000,Petrol,Individual,21.1 kmpl
3887,Ford,2019,1145000,Diesel,Individual,23.0 kmpl
3907,Hyundai,2018,1150000,Diesel,Individual,22.0 kmpl
3918,Tata,2018,749000,Diesel,Individual,21.5 kmpl
3930,Tata,2020,500000,Petrol,Individual,17.57 kmpl
3933,Ford,2018,850000,Petrol,Individual,17.0 kmpl
3936,Maruti,2018,459999,Petrol,Individual,20.51 kmpl
3940,Tata,2018,750000,Petrol,Individual,17.0 kmpl
3954,Mahindra,2018,875000,Diesel,Individual,16.55 kmpl
3965,Mahindra,2019,1460000,Diesel,Individual,17.3 kmpl
3972,Maruti,2019,525000,Petrol,Individual,20.89 kmpl
3974,Maruti,2019,500000,Petrol,Individual,21.21 kmpl
3994,Ford,2018,750000,Diesel,Individual,23.0 kmpl
4001,Tata,2018,459999,Petrol,Individual,17.57 kmpl
4003,Maruti,2019,650000,Petrol,Individual,21.21 kmpl
4008,Hyundai,2019,590000,Petrol,Individual,18.6 kmpl
4013,Mahindra,2019,1000000,Petrol,Individual,17.0 kmpl
4065,Ford,2019,900000,Diesel,Individual,23.0 kmpl
4067,Honda,2018,900000,Diesel,Individual,25.5 kmpl
4073,Maruti,2018,630000,Petrol,Individual,21.21 kmpl
4085,Maruti,2018,795000,Petrol,Dealer,21.21 kmpl
4101,Maruti,2018,750000,Petrol,Dealer,22.0 kmpl
4102,BMW,2018,6000000,Diesel,Dealer,17.09 kmpl
4110,Maruti,2018,509999,Petrol,Individual,20.51 kmpl
4120,Honda,2018,860000,Petrol,Individual,18.2 kmpl
4130,Tata,2018,480000,Petrol,Individual,23.84 kmpl
4137,Hyundai,2018,1405000,Petrol,Individual,15.8 kmpl
4153,Hyundai,2018,850000,Diesel,Individual,22.54 kmpl
4157,Hyundai,2018,1200000,Petrol,Individual,15.8 kmpl
4162,Hyundai,2018,1000000,Petrol,Individual,17.0 kmpl
4168,Hyundai,2019,458000,Petrol,Individual,20.3 kmpl
4169,Ford,2018,950000,Diesel,Individual,23.0 kmpl
4180,Mahindra,2018,1500000,Diesel,Individual,15.1 kmpl
4181,Mahindra,2018,1500000,Diesel,Individual,15.1 kmpl
4195,Ford,2018,925000,Diesel,Dealer,22.77 kmpl
4196,Mahindra,2019,1460000,Diesel,Individual,17.3 kmpl
4199,Ford,2019,975000,Diesel,Individual,23.0 kmpl
4200,Ford,2018,620000,Petrol,Individual,20.4 kmpl
4203,Honda,2019,1227000,Petrol,Individual,18.0 kmpl
4205,Ford,2018,950000,Diesel,Individual,23.0 kmpl
4212,Maruti,2018,650000,Diesel,Individual,28.4 kmpl
4223,Maruti,2018,740000,Diesel,Dealer,27.39 kmpl
4226,Maruti,2019,650000,Petrol,Trustmark Dealer,22.0 kmpl
4228,Maruti,2018,600000,Petrol,Dealer,22.0 kmpl
4230,BMW,2019,5400000,Diesel,Dealer,16.78 kmpl
4231,BMW,2019,5500000,Diesel,Dealer,16.78 kmpl
4232,Honda,2019,779000,Petrol,Trustmark Dealer,19.0 kmpl
4242,Maruti,2018,740000,Diesel,Dealer,27.39 kmpl
4245,Maruti,2019,650000,Petrol,Trustmark Dealer,22.0 kmpl
4247,Maruti,2018,600000,Petrol,Dealer,22.0 kmpl
4249,BMW,2019,5400000,Diesel,Dealer,16.78 kmpl
4250,BMW,2019,5500000,Diesel,Dealer,16.78 kmpl
4251,Honda,2019,779000,Petrol,Trustmark Dealer,19.0 kmpl
4263,Maruti,2018,740000,Diesel,Dealer,27.39 kmpl
4266,Maruti,2019,650000,Petrol,Trustmark Dealer,22.0 kmpl
4268,Maruti,2018,600000,Petrol,Dealer,22.0 kmpl
4270,BMW,2019,5400000,Diesel,Dealer,16.78 kmpl
4271,BMW,2019,5500000,Diesel,Dealer,16.78 kmpl
4272,Honda,2019,779000,Petrol,Trustmark Dealer,19.0 kmpl
4289,Maruti,2019,500000,Petrol,Individual,21.4 kmpl
4291,Tata,2019,600000,Petrol,Individual,20.3 kmpl
4296,Mahindra,2018,550000,Petrol,Individual,18.15 kmpl
4312,Maruti,2018,310000,Petrol,Individual,24.7 kmpl
4328,Maruti,2018,740000,Diesel,Dealer,27.39 kmpl
4331,Maruti,2019,650000,Petrol,Trustmark Dealer,22.0 kmpl
4333,Maruti,2018,600000,Petrol,Dealer,22.0 kmpl
4335,BMW,2019,5400000,Diesel,Dealer,16.78 kmpl
4336,BMW,2019,5500000,Diesel,Dealer,16.78 kmpl
4337,Honda,2019,779000,Petrol,Trustmark Dealer,19.0 kmpl
4347,Maruti,2018,650000,Diesel,Individual,28.4 kmpl
4364,Maruti,2018,475000,Petrol,Individual,21.63 kmpl
4368,Maruti,2019,750000,Petrol,Individual,21.21 kmpl
4377,Tata,2018,700000,Diesel,Individual,15.3 kmpl
4389,Tata,2018,250000,Petrol,Dealer,21.9 kmpl
4397,Ford,2018,950000,Diesel,Individual,23.0 kmpl
4398,Tata,2019,1140000,Diesel,Individual,21.5 kmpl
4422,Maruti,2018,740000,Diesel,Dealer,27.39 kmpl
4425,Maruti,2019,650000,Petrol,Trustmark Dealer,22.0 kmpl
4427,Maruti,2018,600000,Petrol,Dealer,22.0 kmpl
4429,BMW,2019,5400000,Diesel,Dealer,16.78 kmpl
4430,BMW,2019,5500000,Diesel,Dealer,16.78 kmpl
4431,Honda,2019,779000,Petrol,Trustmark Dealer,19.0 kmpl
4444,Maruti,2018,810000,Diesel,Individual,25.1 kmpl
4445,Hyundai,2018,671000,Petrol,Individual,18.6 kmpl
4446,Maruti,2018,295000,Petrol,Individual,24.7 kmpl
4462,Hyundai,2018,565000,Petrol,Individual,20.3 kmpl
4463,Ford,2018,900000,Diesel,Individual,23.0 kmpl
4466,Maruti,2018,800000,Diesel,Individual,28.4 kmpl
4471,Maruti,2018,625000,Petrol,Individual,21.4 kmpl
4472,Hyundai,2018,799000,Diesel,Individual,22.54 kmpl
4478,Mahindra,2018,900000,Diesel,Individual,16.55 kmpl
4486,Maruti,2019,480000,Petrol,Individual,21.63 kmpl
4487,Maruti,2019,490000,Petrol,Individual,21.63 kmpl
4499,Ford,2019,975000,Diesel,Individual,23.0 kmpl
4500,Honda,2019,1227000,Petrol,Individual,18.0 kmpl
4506,Honda,2018,675000,Petrol,Dealer,18.7 kmpl
4544,Maruti,2019,892000,Diesel,Individual,24.3 kmpl
4553,Hyundai,2018,570000,Petrol,Individual,18.9 kmpl
4556,Maruti,2019,600000,Petrol,Individual,21.21 kmpl
4562,Honda,2019,1200000,Diesel,Individual,25.6 kmpl
4575,Mahindra,2018,750000,Diesel,Individual,21.03 kmpl
4585,Maruti,2018,1000000,Diesel,Individual,25.1 kmpl
4606,Hyundai,2018,350000,Petrol,Individual,20.3 kmpl
4621,Maruti,2019,694000,Diesel,Individual,28.4 kmpl
4641,Maruti,2018,675000,Diesel,Individual,28.4 kmpl
4648,Maruti,2019,1000000,Petrol,Individual,19.01 kmpl
4650,Maruti,2018,600000,Petrol,Individual,19.0 kmpl
4656,Maruti,2018,900000,Diesel,Individual,24.3 kmpl
4660,Hyundai,2019,509999,Petrol,Individual,20.3 kmpl
4672,BMW,2019,5200000,Diesel,Dealer,18.12 kmpl
4674,Maruti,2018,690000,Diesel,Dealer,26.59 kmpl
4676,Tata,2020,1650000,Diesel,Dealer,17.0 kmpl
4685,Maruti,2018,975000,Diesel,Dealer,28.09 kmpl
4724,Tata,2018,875000,Diesel,Individual,14.1 kmpl
4725,Tata,2018,890000,Diesel,Individual,14.1 kmpl
4738,Hyundai,2018,1000000,Diesel,Individual,22.0 kmpl
4741,Hyundai,2019,500000,Petrol,Individual,20.3 kmpl
4746,Hyundai,2019,625000,Petrol,Dealer,18.9 kmpl
4748,Honda,2018,680000,Petrol,Dealer,18.7 kmpl
4749,Maruti,2019,700000,Diesel,Individual,28.4 kmpl
4754,BMW,2018,5500000,Diesel,Individual,17.09 kmpl
4756,Hyundai,2019,785000,Petrol,Dealer,18.6 kmpl
4764,Tata,2019,1650000,Diesel,Dealer,17.0 kmpl
4765,Mahindra,2018,890000,Diesel,Dealer,18.49 kmpl
4767,BMW,2018,6000000,Diesel,Dealer,17.09 kmpl
4768,Maruti,2019,1025000,Petrol,Dealer,20.28 kmpl
4777,Tata,2018,1300000,Diesel,Individual,17.6 kmpl
4778,Mahindra,2018,819999,Diesel,Individual,18.49 kmpl
4784,Tata,2018,811000,Petrol,Dealer,17.0 kmpl
4799,Tata,2018,1025000,Diesel,Dealer,21.5 kmpl
4809,Hyundai,2018,750000,Diesel,Individual,22.54 kmpl
4815,Honda,2019,1100000,Diesel,Individual,21.9 kmpl
4823,Maruti,2018,740000,Diesel,Dealer,27.39 kmpl
4826,Maruti,2019,650000,Petrol,Trustmark Dealer,22.0 kmpl
4828,Maruti,2018,600000,Petrol,Dealer,22.0 kmpl
4830,BMW,2019,5400000,Diesel,Dealer,16.78 kmpl
4831,BMW,2019,5500000,Diesel,Dealer,16.78 kmpl
4832,Honda,2019,779000,Petrol,Trustmark Dealer,19.0 kmpl
4841,Ford,2018,950000,Diesel,Individual,23.0 kmpl
4843,Maruti,2020,350000,Petrol,Individual,22.05 kmpl
4853,Maruti,2018,950000,Diesel,Individual,25.1 kmpl
4859,Honda,2018,750000,Petrol,Individual,18.1 kmpl
4866,Ford,2019,869999,Diesel,Individual,23.0 kmpl
4874,Maruti,2018,825000,Diesel,Individual,24.3 kmpl
4885,Maruti,2018,750000,Diesel,Individual,28.4 kmpl
4894,Maruti,2019,500000,Petrol,Individual,20.89 kmpl
4899,Ford,2019,950000,Diesel,Dealer,21.7 kmpl
4906,Maruti,2018,469000,Petrol,Individual,21.79 kmpl
4909,Ford,2019,906000,Diesel,Individual,23.0 kmpl
4914,Tata,2018,450000,Petrol,Dealer,23.84 kmpl
4922,Mahindra,2018,797000,Diesel,Individual,16.5 kmpl
4923,Hyundai,2019,800000,Petrol,Individual,18.6 kmpl
4924,Mahindra,2019,750000,Diesel,Individual,15.96 kmpl
4950,Maruti,2018,755000,Diesel,Dealer,28.4 kmpl
4957,Maruti,2018,800000,Petrol,Individual,21.4 kmpl
4964,Tata,2018,450000,Petrol,Individual,20.3 kmpl
4968,Tata,2018,790000,Petrol,Individual,17.0 kmpl
4984,Maruti,2019,675000,Diesel,Individual,28.4 kmpl
4987,Maruti,2019,500000,Petrol,Individual,20.89 kmpl
4994,Maruti,2018,750000,Petrol,Individual,21.1 kmpl
5004,Maruti,2019,600000,Petrol,Individual,21.4 kmpl
5005,Maruti,2020,810000,Diesel,Individual,24.3 kmpl
5006,Tata,2019,346000,Petrol,Individual,23.84 kmpl
5021,Maruti,2018,465000,Petrol,Individual,20.51 kmpl
5030,Maruti,2018,459999,Petrol,Individual,20.4 kmpl
5035,Maruti,2018,350000,Petrol,Individual,23.95 kmpl
5036,Mahindra,2019,1800000,Diesel,Individual,16.0 kmpl
5037,Maruti,2018,640000,Petrol,Individual,22.0 kmpl
5039,Tata,2018,600000,Petrol,Individual,17.0 kmpl
5041,Mahindra,2019,974000,Diesel,Individual,16.55 kmpl
5042,Maruti,2018,445000,Petrol,Individual,20.51 kmpl
5044,Hyundai,2020,1050000,Diesel,Individual,22.1 kmpl
5050,Maruti,2018,950000,Diesel,Individual,24.3 kmpl
5053,Maruti,2020,600000,Petrol,Individual,20.89 kmpl
5058,Hyundai,2018,340000,Petrol,Individual,20.3 kmpl
5063,Mahindra,2019,960000,Petrol,Individual,17.0 kmpl
5079,Tata,2018,515000,Petrol,Individual,24.0 kmpl
5090,Maruti,2018,740000,Diesel,Dealer,27.39 kmpl
5093,Maruti,2019,650000,Petrol,Trustmark Dealer,22.0 kmpl
5095,Maruti,2018,600000,Petrol,Dealer,22.0 kmpl
5097,BMW,2019,5400000,Diesel,Dealer,16.78 kmpl
5098,BMW,2019,5500000,Diesel,Dealer,16.78 kmpl
5099,Honda,2019,779000,Petrol,Trustmark Dealer,19.0 kmpl
5111,Tata,2018,550000,Petrol,Individual,20.3 kmpl
5131,Mahindra,2018,500000,Petrol,Individual,18.15 kmpl
5137,Maruti,2018,700000,Diesel,Individual,28.4 kmpl
5156,Mahindra,2018,1150000,Diesel,Individual,15.1 kmpl
5158,Ford,2019,960000,Diesel,Individual,23.0 kmpl
5167,Mahindra,2019,925000,Diesel,Individual,17.3 kmpl
5168,Ford,2018,590000,Petrol,Individual,18.16 kmpl
5174,Hyundai,2019,1200000,Diesel,Individual,22.0 kmpl
5180,Hyundai,2018,700000,Diesel,Individual,24.0 kmpl
5195,Tata,2018,850000,Petrol,Individual,17.0 kmpl
5211,Mahindra,2019,1300000,Diesel,Individual,16.36 kmpl
5219,Maruti,2018,380000,Petrol,Individual,20.51 kmpl
5220,Maruti,2019,579000,Petrol,Individual,21.4 kmpl
5221,Mahindra,2019,400000,Petrol,Individual,18.15 kmpl
5233,Hyundai,2018,500000,Petrol,Individual,20.3 kmpl
5244,Honda,2019,690000,Petrol,Dealer,17.8 kmpl
5252,BMW,2019,5400000,Diesel,Dealer,16.78 kmpl
5253,BMW,2019,5500000,Diesel,Dealer,16.78 kmpl
5254,Honda,2019,779000,Petrol,Trustmark Dealer,19.0 kmpl
5259,BMW,2018,4000000,Diesel,Dealer,22.48 kmpl
5260,Hyundai,2019,1125000,Petrol,Dealer,18.15 kmpl
5264,Tata,2019,450000,Petrol,Individual,20.3 kmpl
5267,Maruti,2020,650000,Petrol,Individual,21.01 kmpl
5268,Maruti,2018,750000,Diesel,Individual,28.09 kmpl
5288,Ford,2018,650000,Diesel,Individual,25.83 kmpl
5292,Maruti,2019,754000,Diesel,Individual,28.4 kmpl
5295,Maruti,2018,725000,Diesel,Individual,28.4 kmpl
5297,Hyundai,2018,475000,Petrol,Individual,20.3 kmpl
5310,Honda,2019,670000,Petrol,Individual,19.5 kmpl
5313,Honda,2018,900000,Petrol,Individual,17.5 kmpl
5318,Mahindra,2018,1525000,Diesel,Individual,15.1 kmpl
5328,Mahindra,2018,750000,Diesel,Individual,16.5 kmpl
5332,Hyundai,2019,562000,Petrol,Individual,18.9 kmpl
5336,Maruti,2019,750000,Petrol,Individual,21.21 kmpl
5344,Maruti,2020,737000,Petrol,Individual,18.76 kmpl
5352,Maruti,2018,889000,Diesel,Individual,28.09 kmpl
5357,Hyundai,2018,800000,Petrol,Individual,17.4 kmpl
5372,Hyundai,2018,750000,Petrol,Individual,17.4 kmpl
5374,Maruti,2019,711000,Petrol,Individual,21.4 kmpl
5376,Maruti,2020,749000,Petrol,Individual,21.01 kmpl
5389,Tata,2019,670000,Diesel,Individual,27.28 kmpl
5430,Mahindra,2019,1450000,Diesel,Individual,17.3 kmpl
5431,Mahindra,2019,1200000,Diesel,Individual,20.0 kmpl
5432,Hyundai,2019,834000,Diesel,Individual,22.54 kmpl
5435,Maruti,2019,900000,Diesel,Individual,28.4 kmpl
5465,Tata,2018,450000,Diesel,Individual,27.28 kmpl
5480,Hyundai,2019,509999,Petrol,Individual,20.14 kmpl
5488,Maruti,2019,900000,Diesel,Individual,24.3 kmpl
5510,Ford,2019,1050000,Diesel,Dealer,23.0 kmpl
5513,Maruti,2018,730000,Petrol,Dealer,22.0 kmpl
5516,Mahindra,2019,1075000,Diesel,Dealer,17.3 kmpl
5522,Maruti,2018,875000,Diesel,Dealer,24.52 kmpl
5526,Mahindra,2018,800000,Diesel,Individual,18.49 kmpl
5543,Honda,2018,600000,Petrol,Individual,18.2 kmpl
5548,Maruti,2019,700000,Petrol,Individual,22.0 kmpl
5555,Maruti,2018,459999,Petrol,Individual,21.63 kmpl
5556,Hyundai,2018,800000,Diesel,Individual,22.54 kmpl
5560,Maruti,2018,671000,Diesel,Individual,28.4 kmpl
5566,Hyundai,2018,600000,Petrol,Individual,18.9 kmpl
5571,Hyundai,2018,1150000,Diesel,Individual,22.0 kmpl
5586,Ford,2018,900000,Diesel,Individual,23.0 kmpl
5603,Tata,2018,850000,Petrol,Individual,17.0 kmpl
5621,Maruti,2018,740000,Diesel,Dealer,27.39 kmpl
5624,Maruti,2019,650000,Petrol,Trustmark Dealer,22.0 kmpl
5626,Maruti,2018,600000,Petrol,Dealer,22.0 kmpl
5628,BMW,2019,5400000,Diesel,Dealer,16.78 kmpl
5629,BMW,2019,5500000,Diesel,Dealer,16.78 kmpl
5630,Honda,2019,779000,Petrol,Trustmark Dealer,19.0 kmpl
5637,Maruti,2020,570000,Petrol,Individual,21.21 kmpl
5644,Honda,2019,580000,Petrol,Individual,17.5 kmpl
5646,Hyundai,2019,434999,Petrol,Dealer,20.3 kmpl
5663,Hyundai,2018,530000,Diesel,Individual,25.4 kmpl
5675,Maruti,2018,300000,Petrol,Individual,24.7 kmpl
5684,Hyundai,2019,425000,Petrol,Individual,20.3 kmpl
5700,Maruti,2018,535000,Petrol,Individual,20.89 kmpl
5750,Maruti,2019,1050000,Diesel,Individual,25.47 kmpl
5756,Maruti,2019,1200000,Diesel,Individual,25.47 kmpl
5777,Hyundai,2019,500000,Petrol,Individual,20.14 kmpl
5778,Honda,2018,585000,Petrol,Individual,17.8 kmpl
5782,Ford,2018,700000,Diesel,Individual,23.0 kmpl
5789,Maruti,2019,430000,CNG,Individual,32.26 km/kg
5815,Maruti,2020,370000,CNG,Individual,33.0 km/kg
5825,Mahindra,2018,775000,Diesel,Individual,18.49 kmpl
5837,Tata,2020,537000,Petrol,Individual,17.0 kmpl
5841,Hyundai,2019,700000,Petrol,Individual,18.6 kmpl
5849,Maruti,2019,825000,Diesel,Individual,28.4 kmpl
5852,Maruti,2018,851000,Diesel,Individual,28.4 kmpl
5860,Ford,2019,675000,Petrol,Individual,19.4 kmpl
5864,Maruti,2020,925000,Diesel,Individual,24.3 kmpl
5895,Maruti,2019,556000,Petrol,Individual,21.01 kmpl
5897,Mahindra,2018,1500000,Diesel,Individual,16.0 kmpl
5900,Mahindra,2020,679000,Diesel,Individual,0.0 kmpl
5936,Honda,2018,780000,Petrol,Individual,17.5 kmpl
5956,Maruti,2018,611000,Petrol,Dealer,19.1 kmpl
5960,Maruti,2018,490000,Petrol,Dealer,16.1 kmpl
5963,Hyundai,2018,1237000,Diesel,Individual,19.67 kmpl
5966,Maruti,2018,695000,Petrol,Individual,22.0 kmpl
5982,Maruti,2018,950000,Diesel,Individual,28.09 kmpl
5994,Honda,2018,834000,Diesel,Individual,25.5 kmpl
6023,Tata,2018,535000,Petrol,Individual,20.3 kmpl
6027,Hyundai,2019,667000,Petrol,Individual,18.6 kmpl
6041,Hyundai,2018,650000,Petrol,Individual,18.9 kmpl
6068,Maruti,2020,578000,Petrol,Individual,21.21 kmpl
6071,Mahindra,2018,890000,Diesel,Individual,16.5 kmpl
6073,Maruti,2018,420000,Petrol,Individual,20.51 kmpl
6075,Maruti,2018,270000,Petrol,Individual,24.7 kmpl
6076,Maruti,2018,700000,Petrol,Individual,22.0 kmpl
6078,Tata,2019,1250000,Diesel,Individual,17.6 kmpl
6080,Maruti,2018,700000,Diesel,Individual,28.4 kmpl
6084,Maruti,2018,830000,Petrol,Individual,21.4 kmpl
6090,Hyundai,2020,524000,Petrol,Individual,20.14 kmpl
6102,Ford,2018,675000,Diesel,Individual,24.4 kmpl
6105,Maruti,2019,675000,Petrol,Individual,21.21 kmpl
6107,Mahindra,2019,1200000,Diesel,Individual,20.0 kmpl
6109,Mahindra,2019,1090000,Petrol,Dealer,17.0 kmpl
6112,Hyundai,2018,780000,Diesel,Individual,22.54 kmpl
6114,Maruti,2018,610000,Petrol,Dealer,22.0 kmpl
6133,Maruti,2018,480000,Petrol,Dealer,20.89 kmpl
6136,Ford,2019,700000,Petrol,Dealer,18.5 kmpl
6146,Honda,2018,949000,Petrol,Individual,17.4 kmpl
6147,Mahindra,2018,750000,Diesel,Individual,16.5 kmpl
6160,Hyundai,2018,470000,Diesel,Individual,25.4 kmpl
6162,Ford,2019,575000,Petrol,Individual,19.4 kmpl
6173,Maruti,2018,740000,Diesel,Dealer,27.39 kmpl
6176,Maruti,2019,650000,Petrol,Trustmark Dealer,22.0 kmpl
6178,Maruti,2018,600000,Petrol,Dealer,22.0 kmpl
6180,BMW,2019,5400000,Diesel,Dealer,16.78 kmpl
6181,BMW,2019,5500000,Diesel,Dealer,16.78 kmpl
6182,Honda,2019,779000,Petrol,Trustmark Dealer,19.0 kmpl
6187,Maruti,2018,580000,Petrol,Individual,23.1 kmpl
6212,Maruti,2019,890000,Diesel,Individual,24.3 kmpl
6220,Honda,2019,2000000,Petrol,Dealer,16.5 kmpl
6230,Maruti,2019,650000,Petrol,Individual,22.0 kmpl
6240,Maruti,2020,600000,Petrol,Individual,21.21 kmpl
6255,Tata,2018,1525000,Diesel,Individual,17.6 kmpl
6258,BMW,2018,5830000,Diesel,Individual,17.09 kmpl
6260,Hyundai,2018,665000,Diesel,Dealer,24.4 kmpl
6261,Hyundai,2019,721000,Petrol,Dealer,18.6 kmpl
6264,Mahindra,2019,975000,Diesel,Dealer,16.55 kmpl
6267,Hyundai,2019,685000,Petrol,Dealer,18.6 kmpl
6268,Maruti,2019,595000,Petrol,Dealer,21.21 kmpl
6269,Ford,2018,900000,Diesel,Dealer,23.0 kmpl
6270,Maruti,2018,950000,Diesel,Dealer,25.47 kmpl
6273,Hyundai,2018,700000,Petrol,Dealer,18.6 kmpl
6274,Maruti,2018,910000,Diesel,Dealer,24.3 kmpl
6275,Maruti,2018,751000,Diesel,Dealer,26.59 kmpl
6280,Maruti,2018,875000,Diesel,Dealer,24.3 kmpl
6284,Maruti,2019,925000,Diesel,Dealer,24.52 kmpl
6292,Maruti,2018,775000,Petrol,Dealer,16.02 kmpl
6298,Hyundai,2018,1050000,Diesel,Individual,21.38 kmpl
6308,Mahindra,2018,1500000,Diesel,Individual,16.0 kmpl
6314,Maruti,2018,385000,Petrol,Individual,23.1 kmpl
6317,Hyundai,2019,521000,Petrol,Individual,20.3 kmpl
6321,Hyundai,2018,540000,Petrol,Individual,18.9 kmpl
6327,Mahindra,2018,1400000,Diesel,Individual,16.0 kmpl
6340,Ford,2018,810000,Diesel,Individual,23.0 kmpl
6361,Mahindra,2018,400000,Diesel,Individual,23.5 kmpl
6364,Tata,2019,1700000,Diesel,Individual,17.0 kmpl
6369,Hyundai,2018,450000,Petrol,Individual,18.9 kmpl
6374,Maruti,2019,400000,Petrol,Individual,15.37 kmpl
6376,Maruti,2018,625000,Petrol,Individual,22.0 kmpl
6377,Hyundai,2019,700000,Petrol,Individual,17.19 kmpl
6379,Tata,2018,625000,Petrol,Individual,17.0 kmpl
6383,Tata,2019,620000,Petrol,Individual,17.57 kmpl
6399,Hyundai,2018,720000,Diesel,Individual,21.19 kmpl
6409,Hyundai,2019,700000,Petrol,Individual,18.6 kmpl
6414,Honda,2019,1000000,Diesel,Individual,25.5 kmpl
6421,Maruti,2020,265000,Petrol,Individual,21.79 kmpl
6422,Tata,2018,459999,Petrol,Individual,20.3 kmpl
6454,Tata,2018,575000,Diesel,Individual,20.65 kmpl
6459,Hyundai,2018,299000,Petrol,Individual,21.1 kmpl
6468,Ford,2018,3200000,Diesel,Individual,10.91 kmpl
6469,Hyundai,2019,550000,Petrol,Individual,18.9 kmpl
6476,Hyundai,2019,585000,Petrol,Individual,17.4 kmpl
6480,Hyundai,2019,990000,Petrol,Individual,17.0 kmpl
6482,Tata,2018,650000,Petrol,Individual,17.0 kmpl
6483,Hyundai,2019,695000,Petrol,Individual,17.4 kmpl
6488,Maruti,2019,459999,CNG,Individual,26.6 km/kg
6489,Tata,2018,860000,Diesel,Individual,21.5 kmpl
6490,Tata,2018,400000,Petrol,Individual,23.84 kmpl
6493,Ford,2018,850000,Diesel,Individual,23.0 kmpl
6499,Hyundai,2018,500000,Diesel,Individual,25.4 kmpl
6500,Honda,2018,700000,Diesel,Individual,27.4 kmpl
6512,Ford,2019,885000,Petrol,Individual,17.0 kmpl
6513,Mahindra,2020,550000,Diesel,Individual,25.32 kmpl
6514,Maruti,2018,800000,Diesel,Individual,28.4 kmpl
6518,Tata,2019,520000,Petrol,Individual,24.0 kmpl
6530,Hyundai,2018,700000,Petrol,Individual,17.4 kmpl
6540,Ford,2018,950000,Diesel,Dealer,22.77 kmpl
6561,Maruti,2018,740000,Diesel,Dealer,27.39 kmpl
6564,Maruti,2019,650000,Petrol,Trustmark Dealer,22.0 kmpl
6566,Maruti,2018,600000,Petrol,Dealer,22.0 kmpl
6568,BMW,2019,5400000,Diesel,Dealer,16.78 kmpl
6569,BMW,2019,5500000,Diesel,Dealer,16.78 kmpl
6570,Honda,2019,779000,Petrol,Trustmark Dealer,19.0 kmpl
6580,Maruti,2018,740000,Diesel,Dealer,27.39 kmpl
6583,Maruti,2019,650000,Petrol,Trustmark Dealer,22.0 kmpl
6585,Maruti,2018,600000,Petrol,Dealer,22.0 kmpl
6587,BMW,2019,5400000,Diesel,Dealer,16.78 kmpl
6588,BMW,2019,5500000,Diesel,Dealer,16.78 kmpl
6589,Honda,2019,779000,Petrol,Trustmark Dealer,19.0 kmpl
6592,Maruti,2019,558000,Diesel,Individual,28.4 kmpl
6595,Hyundai,2019,500000,Petrol,Individual,20.3 kmpl
6602,Maruti,2018,825000,Diesel,Individual,28.09 kmpl
6618,Hyundai,2018,600000,Petrol,Individual,18.6 kmpl
6625,Tata,2018,400000,Petrol,Individual,23.84 kmpl
6629,Mahindra,2019,722000,Diesel,Individual,0.0 kmpl
6630,Tata,2020,500000,Petrol,Individual,23.84 kmpl
6634,Maruti,2018,780000,Diesel,Individual,28.4 kmpl
6635,Hyundai,2018,575000,Petrol,Individual,20.3 kmpl
6654,Hyundai,2018,700000,Petrol,Individual,18.6 kmpl
6655,Maruti,2018,451999,Petrol,Individual,23.1 kmpl
6662,Hyundai,2018,655000,Petrol,Individual,18.6 kmpl
6663,Hyundai,2018,620000,Petrol,Individual,17.19 kmpl
6675,Hyundai,2018,610000,Petrol,Individual,18.9 kmpl
6683,Tata,2020,919999,Petrol,Individual,17.0 kmpl
6696,Maruti,2018,740000,Diesel,Dealer,27.39 kmpl
6699,Maruti,2019,650000,Petrol,Trustmark Dealer,22.0 kmpl
6701,Maruti,2018,600000,Petrol,Dealer,22.0 kmpl
6703,BMW,2019,5400000,Diesel,Dealer,16.78 kmpl
6704,BMW,2019,5500000,Diesel,Dealer,16.78 kmpl
6705,Honda,2019,779000,Petrol,Trustmark Dealer,19.0 kmpl
6728,Hyundai,2018,750000,Diesel,Individual,22.54 kmpl
6739,Mahindra,2019,1200000,Diesel,Individual,20.0 kmpl
6748,Maruti,2018,670000,Diesel,Individual,28.4 kmpl
6762,Mahindra,2018,630000,Diesel,Individual,16.5 kmpl
6763,Maruti,2020,600000,Petrol,Individual,21.21 kmpl
6774,Hyundai,2018,450000,Diesel,Individual,25.4 kmpl
6780,Maruti,2018,350000,Petrol,Individual,24.7 kmpl
6786,Maruti,2018,750000,Petrol,Individual,20.73 kmpl
6787,Hyundai,2018,350000,Petrol,Individual,21.1 kmpl
6788,Hyundai,2019,488999,Petrol,Individual,18.9 kmpl
6806,Maruti,2018,900000,Diesel,Individual,24.52 kmpl
6839,Ford,2019,950000,Diesel,Individual,23.0 kmpl
6840,Hyundai,2018,530000,Petrol,Individual,17.19 kmpl
6851,Maruti,2018,720000,Diesel,Individual,28.4 kmpl
6855,Mahindra,2018,445000,Petrol,Individual,18.15 kmpl
6857,Ford,2018,372000,Diesel,Individual,25.83 kmpl
6867,Maruti,2019,350000,Petrol,Individual,23.95 kmpl
6868,Maruti,2020,360000,Petrol,Individual,22.05 kmpl
6888,Maruti,2018,950000,Diesel,Individual,24.3 kmpl
6894,Tata,2020,500000,Petrol,Individual,17.57 kmpl
6895,Mahindra,2018,1350000,Diesel,Individual,16.0 kmpl
6906,Maruti,2018,350000,Petrol,Individual,23.95 kmpl
6922,Maruti,2019,610000,Petrol,Individual,21.21 kmpl
6952,Hyundai,2019,811000,Diesel,Individual,22.54 kmpl
6956,Hyundai,2018,700000,Petrol,Individual,18.6 kmpl
6966,Maruti,2018,740000,Diesel,Dealer,27.39 kmpl
6969,Maruti,2019,650000,Petrol,Trustmark Dealer,22.0 kmpl
6971,Maruti,2018,600000,Petrol,Dealer,22.0 kmpl
6973,BMW,2019,5400000,Diesel,Dealer,16.78 kmpl
6974,BMW,2019,5500000,Diesel,Dealer,16.78 kmpl
6975,Honda,2019,779000,Petrol,Trustmark Dealer,19.0 kmpl
6979,Maruti,2018,899000,Diesel,Individual,25.1 kmpl
7004,Hyundai,2018,500000,Petrol,Individual,18.9 kmpl
7025,Honda,2018,800000,Diesel,Individual,25.5 kmpl
7030,Hyundai,2018,650000,Petrol,Individual,18.6 kmpl
7033,Hyundai,2019,550000,Petrol,Individual,20.14 kmpl
7034,Honda,2019,670000,Petrol,Individual,19.5 kmpl
7036,Ford,2018,950000,Diesel,Individual,23.0 kmpl
7040,Maruti,2018,375000,CNG,Individual,21.94 km/kg
7043,Hyundai,2018,600000,Diesel,Individual,25.4 kmpl
7046,Hyundai,2019,420000,Petrol,Individual,20.3 kmpl
7052,Mahindra,2019,670000,Diesel,Individual,15.96 kmpl
7053,Tata,2019,530000,Petrol,Individual,20.3 kmpl
7069,Maruti,2020,700000,Petrol,Individual,23.26 kmpl
7071,Mahindra,2019,950000,Diesel,Individual,16.55 kmpl
7093,Maruti,2018,285000,Petrol,Individual,24.7 kmpl
7094,Hyundai,2019,990000,Diesel,Individual,22.1 kmpl
7107,Maruti,2018,800000,Diesel,Individual,24.3 kmpl
7128,Hyundai,2018,528000,Petrol,Individual,18.9 kmpl
7138,Maruti,2018,320000,Petrol,Individual,24.7 kmpl
7146,Honda,2018,675000,Diesel,Individual,25.8 kmpl
7155,Mahindra,2019,977000,Diesel,Individual,17.3 kmpl
7156,Maruti,2018,440000,Petrol,Individual,20.51 kmpl
7157,Maruti,2018,440000,Petrol,Individual,20.51 kmpl
7158,Hyundai,2018,655000,Petrol,Individual,18.6 kmpl
7160,Hyundai,2018,655000,Petrol,Individual,18.6 kmpl
7166,Maruti,2018,400000,CNG,Individual,26.6 km/kg
7189,Hyundai,2018,1380000,Petrol,Individual,14.8 kmpl
7200,Mahindra,2018,420000,Diesel,Individual,25.32 kmpl
7220,Maruti,2019,675000,Petrol,Individual,21.21 kmpl
7222,Maruti,2018,950000,Diesel,Individual,25.1 kmpl
7233,Maruti,2018,740000,Petrol,Individual,21.4 kmpl
7234,Maruti,2019,570000,Petrol,Individual,20.89 kmpl
7240,Maruti,2019,780000,Petrol,Individual,21.1 kmpl
7251,Maruti,2018,472000,Petrol,Individual,20.51 kmpl
7254,Tata,2018,525000,Diesel,Individual,20.65 kmpl
7267,Mahindra,2018,700000,Diesel,Individual,18.49 kmpl
7278,Mahindra,2018,1051000,Diesel,Dealer,15.1 kmpl
7284,Honda,2018,650000,Diesel,Dealer,27.3 kmpl
7287,Mahindra,2019,1000000,Diesel,Dealer,17.3 kmpl
7298,Maruti,2018,685000,Diesel,Individual,28.4 kmpl
7299,Maruti,2018,509999,Diesel,Individual,28.4 kmpl
7305,Honda,2019,640000,Petrol,Individual,19.5 kmpl
7315,Hyundai,2019,620000,Petrol,Individual,17.19 kmpl
7325,Honda,2020,2125000,Diesel,Dealer,26.8 kmpl
7326,BMW,2018,3350000,Diesel,Dealer,19.62 kmpl
7327,Honda,2019,840000,Petrol,Individual,18.2 kmpl
7332,Hyundai,2020,775000,Petrol,Dealer,20.7 kmpl
7334,Hyundai,2018,730000,Petrol,Dealer,17.4 kmpl
7338,Hyundai,2018,540000,Petrol,Dealer,20.3 kmpl
7343,BMW,2019,5800000,Diesel,Dealer,16.78 kmpl
7345,Mahindra,2018,650000,Diesel,Individual,14.95 kmpl
7351,Maruti,2019,690000,Diesel,Individual,28.4 kmpl
7365,Maruti,2018,545000,Petrol,Dealer,23.1 kmpl
7366,Maruti,2018,775000,Petrol,Dealer,21.4 kmpl
7368,Mahindra,2019,1450000,Diesel,Individual,17.3 kmpl
7369,Maruti,2018,790000,Diesel,Dealer,28.4 kmpl
7377,Maruti,2018,775000,Petrol,Dealer,21.01 kmpl
7391,Maruti,2018,550000,Diesel,Individual,28.4 kmpl
7400,Ford,2018,620000,Petrol,Individual,20.4 kmpl
7410,Maruti,2018,600000,Petrol,Individual,21.21 kmpl
7413,Ford,2018,690000,Petrol,Individual,20.4 kmpl
7414,Hyundai,2018,710000,Petrol,Individual,18.6 kmpl
7415,Hyundai,2018,350000,Petrol,Individual,20.3 kmpl
7429,Maruti,2020,445000,Petrol,Individual,21.21 kmpl
7430,Hyundai,2018,575000,Petrol,Individual,17.36 kmpl
7431,Maruti,2018,975000,Diesel,Individual,25.1 kmpl
7432,Tata,2019,450000,Petrol,Individual,23.84 kmpl
7449,Tata,2018,750000,Petrol,Individual,17.0 kmpl
7453,Hyundai,2019,466000,Petrol,Individual,20.3 kmpl
7454,Ford,2018,624000,Diesel,Dealer,
7456,Hyundai,2019,430000,Petrol,Individual,20.3 kmpl
7474,Maruti,2018,889000,Diesel,Individual,28.09 kmpl
7479,Hyundai,2018,800000,Petrol,Individual,17.4 kmpl
7490,Ford,2018,700000,Petrol,Individual,18.16 kmpl
7492,Hyundai,2020,500000,Petrol,Individual,20.3 kmpl
7500,Maruti,2019,802999,Diesel,Individual,28.4 kmpl
7505,Mahindra,2018,700000,Diesel,Individual,25.32 kmpl
7523,Honda,2019,1110000,Diesel,Individual,25.6 kmpl
7541,Hyundai,2018,730000,Petrol,Individual,18.6 kmpl
7543,Maruti,2019,330000,CNG,Individual,33.44 km/kg
7544,Maruti,2019,366000,Petrol,Individual,23.95 kmpl
7545,Hyundai,2019,1149000,Petrol,Individual,17.0 kmpl
7550,Ford,2018,620000,Petrol,Individual,20.4 kmpl
7561,Maruti,2018,600000,Petrol,Individual,21.21 kmpl
7564,Ford,2018,690000,Petrol,Individual,20.4 kmpl
7565,Hyundai,2018,710000,Petrol,Individual,18.6 kmpl
7566,Hyundai,2018,350000,Petrol,Individual,20.3 kmpl
7579,Maruti,2018,730000,Diesel,Individual,28.4 kmpl
7587,Maruti,2020,600000,Petrol,Individual,20.89 kmpl
7590,Maruti,2020,445000,Petrol,Individual,21.21 kmpl
7591,Hyundai,2018,575000,Petrol,Individual,17.36 kmpl
7592,Maruti,2018,975000,Diesel,Individual,25.1 kmpl
7593,Tata,2019,450000,Petrol,Individual,23.84 kmpl
7597,BMW,2018,5830000,Diesel,Individual,17.09 kmpl
7603,Maruti,2018,765000,Diesel,Dealer,28.4 kmpl
7604,Maruti,2019,770000,Diesel,Individual,28.4 kmpl
7608,Maruti,2018,990000,Diesel,Individual,25.1 kmpl
7609,Maruti,2019,800000,Diesel,Dealer,28.4 kmpl
7621,Tata,2018,700000,Petrol,Individual,17.0 kmpl
7638,Tata,2018,540000,Diesel,Individual,27.28 kmpl
7646,Tata,2018,980000,Diesel,Individual,21.5 kmpl
7647,Tata,2018,969999,Diesel,Individual,21.5 kmpl
7654,Tata,2018,500000,Petrol,Individual,23.84 kmpl
7655,Mahindra,2019,1000000,Diesel,Individual,16.36 kmpl
7657,Maruti,2018,350000,Petrol,Individual,24.7 kmpl
7658,Tata,2018,950000,Diesel,Individual,21.5 kmpl
7670,Tata,2018,500000,Petrol,Individual,23.84 kmpl
7704,Mahindra,2018,900000,Diesel,Dealer,16.55 kmpl
7708,Honda,2019,779000,Petrol,Trustmark Dealer,19.0 kmpl
7709,BMW,2018,4000000,Diesel,Dealer,22.48 kmpl
7715,Hyundai,2019,1125000,Petrol,Dealer,18.15 kmpl
7717,Mahindra,2019,740000,Diesel,Individual,16.5 kmpl
7718,Mahindra,2018,400000,Petrol,Individual,18.15 kmpl
7719,Maruti,2018,430000,Petrol,Individual,20.51 kmpl
7720,Mahindra,2019,1132000,Petrol,Individual,17.0 kmpl
7738,Maruti,2018,390000,Petrol,Individual,23.95 kmpl
7751,Hyundai,2019,1150000,Petrol,Trustmark Dealer,18.15 kmpl
7752,Maruti,2018,655000,Petrol,Dealer,22.0 kmpl
7753,Mahindra,2019,890000,Diesel,Dealer,18.06 kmpl
7754,Maruti,2018,525000,Petrol,Dealer,20.89 kmpl
7757,BMW,2019,5200000,Diesel,Dealer,18.12 kmpl
7758,Honda,2018,925000,Petrol,Dealer,17.8 kmpl
7760,Maruti,2018,745000,Diesel,Dealer,24.3 kmpl
7761,Maruti,2018,835000,Diesel,Dealer,24.3 kmpl
7763,Maruti,2018,725000,Diesel,Dealer,24.3 kmpl
7772,Hyundai,2018,1405000,Petrol,Individual,15.8 kmpl
7773,Maruti,2018,650000,Petrol,Individual,21.56 kmpl
7781,Mahindra,2018,900000,Diesel,Individual,16.55 kmpl
7787,Tata,2018,400000,Petrol,Individual,20.3 kmpl
7827,Hyundai,2018,551000,Petrol,Individual,18.9 kmpl
7831,Ford,2018,800000,Diesel,Dealer,22.7 kmpl
7843,Mahindra,2018,650000,Petrol,Individual,18.15 kmpl
7847,Maruti,2019,600000,Petrol,Individual,21.21 kmpl
7854,Ford,2018,793000,Diesel,Individual,25.83 kmpl
7865,Maruti,2018,740000,Diesel,Dealer,27.39 kmpl
7868,Maruti,2019,650000,Petrol,Trustmark Dealer,22.0 kmpl
7870,Maruti,2018,600000,Petrol,Dealer,22.0 kmpl
7872,BMW,2019,5400000,Diesel,Dealer,16.78 kmpl
7873,BMW,2019,5500000,Diesel,Dealer,16.78 kmpl
7874,Honda,2019,779000,Petrol,Trustmark Dealer,19.0 kmpl
7883,Ford,2018,925000,Diesel,Dealer,22.77 kmpl
7885,Maruti,2018,700000,Petrol,Individual,21.1 kmpl
7894,Tata,2019,650000,Petrol,Individual,20.3 kmpl
7909,Tata,2018,850000,Diesel,Individual,21.5 kmpl
7910,Maruti,2019,359000,Petrol,Individual,15.37 kmpl
7918,Ford,2018,990000,Diesel,Individual,23.0 kmpl
7924,Maruti,2019,540000,Petrol,Individual,20.52 kmpl
7927,Ford,2018,690000,Petrol,Individual,19.0 kmpl
7929,Hyundai,2018,640000,Petrol,Individual,20.14 kmpl
7936,Hyundai,2018,620000,Diesel,Individual,25.4 kmpl
7937,Maruti,2018,760000,Diesel,Individual,27.39 kmpl
7938,Hyundai,2018,1200000,Diesel,Individual,22.0 kmpl
7939,Maruti,2018,760000,Diesel,Individual,27.39 kmpl
7941,Tata,2019,500000,Petrol,Individual,23.84 kmpl
7951,Hyundai,2018,1220000,Petrol,Individual,15.8 kmpl
7952,Maruti,2019,475000,Petrol,Individual,21.7 kmpl
7956,Maruti,2018,300000,Petrol,Individual,24.7 kmpl
7957,Honda,2018,1180000,Petrol,Individual,17.4 kmpl
7962,Ford,2019,530000,Petrol,Individual,18.16 kmpl
7964,Maruti,2019,1025000,Diesel,Individual,28.09 kmpl
7975,Hyundai,2018,1220000,Petrol,Individual,15.8 kmpl
7976,Maruti,2019,475000,Petrol,Individual,21.7 kmpl
7980,Maruti,2018,300000,Petrol,Individual,24.7 kmpl
7981,Honda,2018,1180000,Petrol,Individual,17.4 kmpl
7986,Ford,2019,530000,Petrol,Individual,18.16 kmpl
7988,Maruti,2019,1025000,Diesel,Individual,28.09 kmpl
8005,Hyundai,2018,950000,Diesel,Individual,22.0 kmpl
8015,Maruti,2018,750000,Diesel,Individual,27.39 kmpl
8035,Maruti,2018,310000,Petrol,Individual,24.7 kmpl
8036,Maruti,2018,432000,Petrol,Individual,20.51 kmpl
8040,Hyundai,2018,680000,Diesel,Individual,25.4 kmpl
8059,Hyundai,2018,1175000,Petrol,Dealer,15.8 kmpl
8086,Maruti,2018,470000,Petrol,Individual,23.1 kmpl
8088,Maruti,2018,390000,Petrol,Individual,20.51 kmpl
8097,Ford,2018,880000,Diesel,Individual,23.0 kmpl
8100,Tata,2018,800000,Diesel,Individual,21.5 kmpl
8109,Ford,2018,750000,Diesel,Individual,24.4 kmpl
8112,Ford,2018,746000,Diesel,Individual,24.4 kmpl
